{
  "1/F": [
    { "id": 1, "floor": "1/F", "type": "regular", "booked": false },
    { "id": 2, "floor": "1/F", "type": "regular", "booked": false },
    { "id": 3, "floor": "1/F", "type": "regular", "booked": false },
    { "id": 4, "floor": "1/F", "type": "regular", "booked": false },
    { "id": 5, "floor": "1/F", "type": "regular", "booked": false },
    { "id": 6, "floor": "1/F", "type": "regular", "booked": false },
    { "id": 7, "floor": "1/F", "type": "regular", "booked": false },
    { "id": 8, "floor": "1/F", "type": "regular", "booked": false },
    { "id": 9, "floor": "1/F", "type": "regular", "booked": false },
    { "id": 10, "floor": "1/F", "type": "regular", "booked": false },
    { "id": 11, "floor": "1/F", "type": "vip", "booked": false },
    { "id": 12, "floor": "1/F", "type": "vip", "booked": false },
    { "id": 13, "floor": "1/F", "type": "vip", "booked": false },
    { "id": 14, "floor": "1/F", "type": "vip", "booked": false },
    { "id": 15, "floor": "1/F", "type": "vip", "booked": false }
  ],
  "2/F": [
    { "id": 1, "floor": "2/F", "type": "regular", "booked": false },
    { "id": 2, "floor": "2/F", "type": "regular", "booked": false },
    { "id": 3, "floor": "2/F", "type": "regular", "booked": false },
    { "id": 4, "floor": "2/F", "type": "regular", "booked": false },
    { "id": 5, "floor": "2/F", "type": "regular", "booked": false },
    { "id": 6, "floor": "2/F", "type": "regular", "booked": false },
    { "id": 7, "floor": "2/F", "type": "regular", "booked": false },
    { "id": 8, "floor": "2/F", "type": "regular", "booked": false },
    { "id": 9, "floor": "2/F", "type": "regular", "booked": false },
    { "id": 10, "floor": "2/F", "type": "regular", "booked": false },
    { "id": 11, "floor": "2/F", "type": "vip", "booked": false },
    { "id": 12, "floor": "2/F", "type": "vip", "booked": false },
    { "id": 13, "floor": "2/F", "type": "vip", "booked": false },
    { "id": 14, "floor": "2/F", "type": "vip", "booked": false },
    { "id": 15, "floor": "2/F", "type": "vip", "booked": false }
  ]
}
